{"_format":"","paths":{"artifacts":"out","build_infos":"out/build-info","sources":"src","tests":"test","scripts":"script","libraries":["lib"]},"files":{"lib/openzeppelin-contracts/contracts/interfaces/IERC1967.sol":{"lastModificationDate":1743415956679,"contentHash":"4e17c826a54a8ee1a185449d4695d07d","sourceName":"lib/openzeppelin-contracts/contracts/interfaces/IERC1967.sol","compilerSettings":{"solc":{"optimizer":{"enabled":true,"runs":200},"metadata":{"useLiteralContent":false,"bytecodeHash":"ipfs","appendCBOR":true},"outputSelection":{"*":{"*":["abi","evm.bytecode","evm.deployedBytecode","evm.methodIdentifiers","metadata"]}},"evmVersion":"shanghai","viaIR":false,"libraries":{}},"vyper":{"evmVersion":"shanghai","outputSelection":{"*":{"*":["abi","evm.bytecode","evm.deployedBytecode"]}}}},"imports":[],"versionRequirement":"^0.8.20","artifacts":{"IERC1967":{"0.8.28":{"path":"IERC1967.sol/IERC1967.json","build_id":"419e67b59b20ec487c35d0ca1dbb71d8"}}},"seenByCompiler":true},"lib/openzeppelin-contracts/contracts/interfaces/draft-IERC1822.sol":{"lastModificationDate":1743415956681,"contentHash":"64a2b7a96950f0641c477993f3029477","sourceName":"lib/openzeppelin-contracts/contracts/interfaces/draft-IERC1822.sol","compilerSettings":{"solc":{"optimizer":{"enabled":true,"runs":200},"metadata":{"useLiteralContent":false,"bytecodeHash":"ipfs","appendCBOR":true},"outputSelection":{"*":{"*":["abi","evm.bytecode","evm.deployedBytecode","evm.methodIdentifiers","metadata"]}},"evmVersion":"shanghai","viaIR":false,"libraries":{}},"vyper":{"evmVersion":"shanghai","outputSelection":{"*":{"*":["abi","evm.bytecode","evm.deployedBytecode"]}}}},"imports":[],"versionRequirement":"^0.8.20","artifacts":{"IERC1822Proxiable":{"0.8.28":{"path":"draft-IERC1822.sol/IERC1822Proxiable.json","build_id":"419e67b59b20ec487c35d0ca1dbb71d8"}}},"seenByCompiler":true},"lib/openzeppelin-contracts/contracts/proxy/ERC1967/ERC1967Proxy.sol":{"lastModificationDate":1743415956693,"contentHash":"07e13052976ae13746455b10ebf3cff9","sourceName":"lib/openzeppelin-contracts/contracts/proxy/ERC1967/ERC1967Proxy.sol","compilerSettings":{"solc":{"optimizer":{"enabled":true,"runs":200},"metadata":{"useLiteralContent":false,"bytecodeHash":"ipfs","appendCBOR":true},"outputSelection":{"*":{"*":["abi","evm.bytecode","evm.deployedBytecode","evm.methodIdentifiers","metadata"]}},"evmVersion":"shanghai","viaIR":false,"libraries":{}},"vyper":{"evmVersion":"shanghai","outputSelection":{"*":{"*":["abi","evm.bytecode","evm.deployedBytecode"]}}}},"imports":["lib/openzeppelin-contracts/contracts/interfaces/IERC1967.sol","lib/openzeppelin-contracts/contracts/proxy/ERC1967/ERC1967Utils.sol","lib/openzeppelin-contracts/contracts/proxy/Proxy.sol","lib/openzeppelin-contracts/contracts/proxy/beacon/IBeacon.sol","lib/openzeppelin-contracts/contracts/utils/Address.sol","lib/openzeppelin-contracts/contracts/utils/Errors.sol","lib/openzeppelin-contracts/contracts/utils/StorageSlot.sol"],"versionRequirement":"^0.8.22","artifacts":{"ERC1967Proxy":{"0.8.28":{"path":"ERC1967Proxy.sol/ERC1967Proxy.json","build_id":"419e67b59b20ec487c35d0ca1dbb71d8"}}},"seenByCompiler":true},"lib/openzeppelin-contracts/contracts/proxy/ERC1967/ERC1967Utils.sol":{"lastModificationDate":1743415956693,"contentHash":"c023a5b23ee35b40b3085e550ff3367f","sourceName":"lib/openzeppelin-contracts/contracts/proxy/ERC1967/ERC1967Utils.sol","compilerSettings":{"solc":{"optimizer":{"enabled":true,"runs":200},"metadata":{"useLiteralContent":false,"bytecodeHash":"ipfs","appendCBOR":true},"outputSelection":{"*":{"*":["abi","evm.bytecode","evm.deployedBytecode","evm.methodIdentifiers","metadata"]}},"evmVersion":"shanghai","viaIR":false,"libraries":{}},"vyper":{"evmVersion":"shanghai","outputSelection":{"*":{"*":["abi","evm.bytecode","evm.deployedBytecode"]}}}},"imports":["lib/openzeppelin-contracts/contracts/interfaces/IERC1967.sol","lib/openzeppelin-contracts/contracts/proxy/beacon/IBeacon.sol","lib/openzeppelin-contracts/contracts/utils/Address.sol","lib/openzeppelin-contracts/contracts/utils/Errors.sol","lib/openzeppelin-contracts/contracts/utils/StorageSlot.sol"],"versionRequirement":"^0.8.22","artifacts":{"ERC1967Utils":{"0.8.28":{"path":"ERC1967Utils.sol/ERC1967Utils.json","build_id":"419e67b59b20ec487c35d0ca1dbb71d8"}}},"seenByCompiler":true},"lib/openzeppelin-contracts/contracts/proxy/Proxy.sol":{"lastModificationDate":1743415956693,"contentHash":"35308c2fa7be99a959494c37e8257c16","sourceName":"lib/openzeppelin-contracts/contracts/proxy/Proxy.sol","compilerSettings":{"solc":{"optimizer":{"enabled":true,"runs":200},"metadata":{"useLiteralContent":false,"bytecodeHash":"ipfs","appendCBOR":true},"outputSelection":{"*":{"*":["abi","evm.bytecode","evm.deployedBytecode","evm.methodIdentifiers","metadata"]}},"evmVersion":"shanghai","viaIR":false,"libraries":{}},"vyper":{"evmVersion":"shanghai","outputSelection":{"*":{"*":["abi","evm.bytecode","evm.deployedBytecode"]}}}},"imports":[],"versionRequirement":"^0.8.20","artifacts":{"Proxy":{"0.8.28":{"path":"Proxy.sol/Proxy.json","build_id":"419e67b59b20ec487c35d0ca1dbb71d8"}}},"seenByCompiler":true},"lib/openzeppelin-contracts/contracts/proxy/beacon/IBeacon.sol":{"lastModificationDate":1743415956694,"contentHash":"0a5c323fd908535580597848b8e550fb","sourceName":"lib/openzeppelin-contracts/contracts/proxy/beacon/IBeacon.sol","compilerSettings":{"solc":{"optimizer":{"enabled":true,"runs":200},"metadata":{"useLiteralContent":false,"bytecodeHash":"ipfs","appendCBOR":true},"outputSelection":{"*":{"*":["abi","evm.bytecode","evm.deployedBytecode","evm.methodIdentifiers","metadata"]}},"evmVersion":"shanghai","viaIR":false,"libraries":{}},"vyper":{"evmVersion":"shanghai","outputSelection":{"*":{"*":["abi","evm.bytecode","evm.deployedBytecode"]}}}},"imports":[],"versionRequirement":"^0.8.20","artifacts":{"IBeacon":{"0.8.28":{"path":"IBeacon.sol/IBeacon.json","build_id":"419e67b59b20ec487c35d0ca1dbb71d8"}}},"seenByCompiler":true},"lib/openzeppelin-contracts/contracts/utils/Address.sol":{"lastModificationDate":1743415956700,"contentHash":"5b9a49c25d7edbc48ffcbd2c7e8a40ef","sourceName":"lib/openzeppelin-contracts/contracts/utils/Address.sol","compilerSettings":{"solc":{"optimizer":{"enabled":true,"runs":200},"metadata":{"useLiteralContent":false,"bytecodeHash":"ipfs","appendCBOR":true},"outputSelection":{"*":{"*":["abi","evm.bytecode","evm.deployedBytecode","evm.methodIdentifiers","metadata"]}},"evmVersion":"shanghai","viaIR":false,"libraries":{}},"vyper":{"evmVersion":"shanghai","outputSelection":{"*":{"*":["abi","evm.bytecode","evm.deployedBytecode"]}}}},"imports":["lib/openzeppelin-contracts/contracts/utils/Errors.sol"],"versionRequirement":"^0.8.20","artifacts":{"Address":{"0.8.28":{"path":"Address.sol/Address.json","build_id":"419e67b59b20ec487c35d0ca1dbb71d8"}}},"seenByCompiler":true},"lib/openzeppelin-contracts/contracts/utils/Errors.sol":{"lastModificationDate":1743415956701,"contentHash":"6b5eac2b85500c3012977849cfd633d8","sourceName":"lib/openzeppelin-contracts/contracts/utils/Errors.sol","compilerSettings":{"solc":{"optimizer":{"enabled":true,"runs":200},"metadata":{"useLiteralContent":false,"bytecodeHash":"ipfs","appendCBOR":true},"outputSelection":{"*":{"*":["abi","evm.bytecode","evm.deployedBytecode","evm.methodIdentifiers","metadata"]}},"evmVersion":"shanghai","viaIR":false,"libraries":{}},"vyper":{"evmVersion":"shanghai","outputSelection":{"*":{"*":["abi","evm.bytecode","evm.deployedBytecode"]}}}},"imports":[],"versionRequirement":"^0.8.20","artifacts":{"Errors":{"0.8.28":{"path":"Errors.sol/Errors.json","build_id":"419e67b59b20ec487c35d0ca1dbb71d8"}}},"seenByCompiler":true},"lib/openzeppelin-contracts/contracts/utils/StorageSlot.sol":{"lastModificationDate":1743415956702,"contentHash":"e656d64c4ce918f3d13030b91c935134","sourceName":"lib/openzeppelin-contracts/contracts/utils/StorageSlot.sol","compilerSettings":{"solc":{"optimizer":{"enabled":true,"runs":200},"metadata":{"useLiteralContent":false,"bytecodeHash":"ipfs","appendCBOR":true},"outputSelection":{"*":{"*":["abi","evm.bytecode","evm.deployedBytecode","evm.methodIdentifiers","metadata"]}},"evmVersion":"shanghai","viaIR":false,"libraries":{}},"vyper":{"evmVersion":"shanghai","outputSelection":{"*":{"*":["abi","evm.bytecode","evm.deployedBytecode"]}}}},"imports":[],"versionRequirement":"^0.8.20","artifacts":{"StorageSlot":{"0.8.28":{"path":"StorageSlot.sol/StorageSlot.json","build_id":"419e67b59b20ec487c35d0ca1dbb71d8"}}},"seenByCompiler":true},"lib/openzeppelin-contracts-upgradeable/contracts/access/OwnableUpgradeable.sol":{"lastModificationDate":1742730048844,"contentHash":"77d30f3cd93f46b80b6f8f1ebc574ee4","sourceName":"lib/openzeppelin-contracts-upgradeable/contracts/access/OwnableUpgradeable.sol","compilerSettings":{"solc":{"optimizer":{"enabled":true,"runs":200},"metadata":{"useLiteralContent":false,"bytecodeHash":"ipfs","appendCBOR":true},"outputSelection":{"*":{"*":["abi","evm.bytecode","evm.deployedBytecode","evm.methodIdentifiers","metadata"]}},"evmVersion":"shanghai","viaIR":false,"libraries":{}},"vyper":{"evmVersion":"shanghai","outputSelection":{"*":{"*":["abi","evm.bytecode","evm.deployedBytecode"]}}}},"imports":["lib/openzeppelin-contracts-upgradeable/contracts/proxy/utils/Initializable.sol","lib/openzeppelin-contracts-upgradeable/contracts/utils/ContextUpgradeable.sol"],"versionRequirement":"^0.8.20","artifacts":{"OwnableUpgradeable":{"0.8.28":{"path":"OwnableUpgradeable.sol/OwnableUpgradeable.json","build_id":"419e67b59b20ec487c35d0ca1dbb71d8"}}},"seenByCompiler":true},"lib/openzeppelin-contracts-upgradeable/contracts/proxy/utils/Initializable.sol":{"lastModificationDate":1742730049008,"contentHash":"f0cedd674b4863ee90d1521a92ab82df","sourceName":"lib/openzeppelin-contracts-upgradeable/contracts/proxy/utils/Initializable.sol","compilerSettings":{"solc":{"optimizer":{"enabled":true,"runs":200},"metadata":{"useLiteralContent":false,"bytecodeHash":"ipfs","appendCBOR":true},"outputSelection":{"*":{"*":["abi","evm.bytecode","evm.deployedBytecode","evm.methodIdentifiers","metadata"]}},"evmVersion":"shanghai","viaIR":false,"libraries":{}},"vyper":{"evmVersion":"shanghai","outputSelection":{"*":{"*":["abi","evm.bytecode","evm.deployedBytecode"]}}}},"imports":[],"versionRequirement":"^0.8.20","artifacts":{"Initializable":{"0.8.28":{"path":"Initializable.sol/Initializable.json","build_id":"419e67b59b20ec487c35d0ca1dbb71d8"}}},"seenByCompiler":true},"lib/openzeppelin-contracts-upgradeable/contracts/proxy/utils/UUPSUpgradeable.sol":{"lastModificationDate":1742730049008,"contentHash":"ac3b77dea52cfdb14498e0a306a34b01","sourceName":"lib/openzeppelin-contracts-upgradeable/contracts/proxy/utils/UUPSUpgradeable.sol","compilerSettings":{"solc":{"optimizer":{"enabled":true,"runs":200},"metadata":{"useLiteralContent":false,"bytecodeHash":"ipfs","appendCBOR":true},"outputSelection":{"*":{"*":["abi","evm.bytecode","evm.deployedBytecode","evm.methodIdentifiers","metadata"]}},"evmVersion":"shanghai","viaIR":false,"libraries":{}},"vyper":{"evmVersion":"shanghai","outputSelection":{"*":{"*":["abi","evm.bytecode","evm.deployedBytecode"]}}}},"imports":["lib/openzeppelin-contracts/contracts/interfaces/IERC1967.sol","lib/openzeppelin-contracts/contracts/interfaces/draft-IERC1822.sol","lib/openzeppelin-contracts/contracts/proxy/ERC1967/ERC1967Utils.sol","lib/openzeppelin-contracts/contracts/proxy/beacon/IBeacon.sol","lib/openzeppelin-contracts/contracts/utils/Address.sol","lib/openzeppelin-contracts/contracts/utils/Errors.sol","lib/openzeppelin-contracts/contracts/utils/StorageSlot.sol","lib/openzeppelin-contracts-upgradeable/contracts/proxy/utils/Initializable.sol"],"versionRequirement":"^0.8.22","artifacts":{"UUPSUpgradeable":{"0.8.28":{"path":"UUPSUpgradeable.sol/UUPSUpgradeable.json","build_id":"419e67b59b20ec487c35d0ca1dbb71d8"}}},"seenByCompiler":true},"lib/openzeppelin-contracts-upgradeable/contracts/utils/ContextUpgradeable.sol":{"lastModificationDate":1742730048864,"contentHash":"c28aaa25d083a9a55bd9ec9e0b785122","sourceName":"lib/openzeppelin-contracts-upgradeable/contracts/utils/ContextUpgradeable.sol","compilerSettings":{"solc":{"optimizer":{"enabled":true,"runs":200},"metadata":{"useLiteralContent":false,"bytecodeHash":"ipfs","appendCBOR":true},"outputSelection":{"*":{"*":["abi","evm.bytecode","evm.deployedBytecode","evm.methodIdentifiers","metadata"]}},"evmVersion":"shanghai","viaIR":false,"libraries":{}},"vyper":{"evmVersion":"shanghai","outputSelection":{"*":{"*":["abi","evm.bytecode","evm.deployedBytecode"]}}}},"imports":["lib/openzeppelin-contracts-upgradeable/contracts/proxy/utils/Initializable.sol"],"versionRequirement":"^0.8.20","artifacts":{"ContextUpgradeable":{"0.8.28":{"path":"ContextUpgradeable.sol/ContextUpgradeable.json","build_id":"419e67b59b20ec487c35d0ca1dbb71d8"}}},"seenByCompiler":true},"src/BetterVersion.sol":{"lastModificationDate":1743416401028,"contentHash":"e31b06cf888c0bb01dba640d58a7aa3b","sourceName":"src/BetterVersion.sol","compilerSettings":{"solc":{"optimizer":{"enabled":true,"runs":200},"metadata":{"useLiteralContent":false,"bytecodeHash":"ipfs","appendCBOR":true},"outputSelection":{"*":{"*":["abi","evm.bytecode","evm.deployedBytecode","evm.methodIdentifiers","metadata"]}},"evmVersion":"shanghai","viaIR":false,"libraries":{}},"vyper":{"evmVersion":"shanghai","outputSelection":{"*":{"*":["abi","evm.bytecode","evm.deployedBytecode"]}}}},"imports":["lib/openzeppelin-contracts/contracts/interfaces/IERC1967.sol","lib/openzeppelin-contracts/contracts/interfaces/draft-IERC1822.sol","lib/openzeppelin-contracts/contracts/proxy/ERC1967/ERC1967Utils.sol","lib/openzeppelin-contracts/contracts/proxy/beacon/IBeacon.sol","lib/openzeppelin-contracts/contracts/utils/Address.sol","lib/openzeppelin-contracts/contracts/utils/Errors.sol","lib/openzeppelin-contracts/contracts/utils/StorageSlot.sol","lib/openzeppelin-contracts-upgradeable/contracts/access/OwnableUpgradeable.sol","lib/openzeppelin-contracts-upgradeable/contracts/proxy/utils/Initializable.sol","lib/openzeppelin-contracts-upgradeable/contracts/proxy/utils/UUPSUpgradeable.sol","lib/openzeppelin-contracts-upgradeable/contracts/utils/ContextUpgradeable.sol"],"versionRequirement":"=0.8.28","artifacts":{"BetterVersion":{"0.8.28":{"path":"BetterVersion.sol/BetterVersion.json","build_id":"419e67b59b20ec487c35d0ca1dbb71d8"}}},"seenByCompiler":true},"src/Setup.sol":{"lastModificationDate":1743416569488,"contentHash":"bcd522166c5d1dbeaf2239948cc3ed4c","sourceName":"src/Setup.sol","compilerSettings":{"solc":{"optimizer":{"enabled":true,"runs":200},"metadata":{"useLiteralContent":false,"bytecodeHash":"ipfs","appendCBOR":true},"outputSelection":{"*":{"*":["abi","evm.bytecode","evm.deployedBytecode","evm.methodIdentifiers","metadata"]}},"evmVersion":"shanghai","viaIR":false,"libraries":{}},"vyper":{"evmVersion":"shanghai","outputSelection":{"*":{"*":["abi","evm.bytecode","evm.deployedBytecode"]}}}},"imports":["lib/openzeppelin-contracts/contracts/interfaces/IERC1967.sol","lib/openzeppelin-contracts/contracts/interfaces/draft-IERC1822.sol","lib/openzeppelin-contracts/contracts/proxy/ERC1967/ERC1967Proxy.sol","lib/openzeppelin-contracts/contracts/proxy/ERC1967/ERC1967Utils.sol","lib/openzeppelin-contracts/contracts/proxy/Proxy.sol","lib/openzeppelin-contracts/contracts/proxy/beacon/IBeacon.sol","lib/openzeppelin-contracts/contracts/utils/Address.sol","lib/openzeppelin-contracts/contracts/utils/Errors.sol","lib/openzeppelin-contracts/contracts/utils/StorageSlot.sol","lib/openzeppelin-contracts-upgradeable/contracts/access/OwnableUpgradeable.sol","lib/openzeppelin-contracts-upgradeable/contracts/proxy/utils/Initializable.sol","lib/openzeppelin-contracts-upgradeable/contracts/proxy/utils/UUPSUpgradeable.sol","lib/openzeppelin-contracts-upgradeable/contracts/utils/ContextUpgradeable.sol","src/BetterVersion.sol","src/UUPSProxy.sol"],"versionRequirement":"=0.8.28","artifacts":{"Setup":{"0.8.28":{"path":"Setup.sol/Setup.json","build_id":"07538949008ee08f41dcfca15d25c182"}}},"seenByCompiler":true},"src/UUPSProxy.sol":{"lastModificationDate":1743416044329,"contentHash":"2a6aa32ca28239c143d968183ae9ebf0","sourceName":"src/UUPSProxy.sol","compilerSettings":{"solc":{"optimizer":{"enabled":true,"runs":200},"metadata":{"useLiteralContent":false,"bytecodeHash":"ipfs","appendCBOR":true},"outputSelection":{"*":{"*":["abi","evm.bytecode","evm.deployedBytecode","evm.methodIdentifiers","metadata"]}},"evmVersion":"shanghai","viaIR":false,"libraries":{}},"vyper":{"evmVersion":"shanghai","outputSelection":{"*":{"*":["abi","evm.bytecode","evm.deployedBytecode"]}}}},"imports":["lib/openzeppelin-contracts/contracts/interfaces/IERC1967.sol","lib/openzeppelin-contracts/contracts/proxy/ERC1967/ERC1967Proxy.sol","lib/openzeppelin-contracts/contracts/proxy/ERC1967/ERC1967Utils.sol","lib/openzeppelin-contracts/contracts/proxy/Proxy.sol","lib/openzeppelin-contracts/contracts/proxy/beacon/IBeacon.sol","lib/openzeppelin-contracts/contracts/utils/Address.sol","lib/openzeppelin-contracts/contracts/utils/Errors.sol","lib/openzeppelin-contracts/contracts/utils/StorageSlot.sol"],"versionRequirement":"=0.8.28","artifacts":{"UUPSProxy":{"0.8.28":{"path":"UUPSProxy.sol/UUPSProxy.json","build_id":"419e67b59b20ec487c35d0ca1dbb71d8"}}},"seenByCompiler":true}},"builds":["07538949008ee08f41dcfca15d25c182","419e67b59b20ec487c35d0ca1dbb71d8","94960e045254a7d5b651231028b8e0d2"]}